id,unit_kW_m2,optical
1,0.563504081765,0.579932329997
2,0.570837649673,0.587726648675
3,0.578679560539,0.596109707568
4,0.585413754623,0.603254798129
5,0.577829125993,0.595161492684
6,0.591912839509,0.609256782583
7,0.59131695271,0.60711060494
8,0.599671908119,0.61585641102
9,0.609237954893,0.627521825412
10,0.59489031526,0.613290619445
11,0.603685661137,0.621767227219
12,0.625623568244,0.646296098896
13,0.62728140673,0.648066897881
14,0.624536437502,0.645100358878
15,0.624530753275,0.645088111958
16,0.627176026878,0.647970887893
17,0.625586748009,0.646254885908
18,0.603812211154,0.621895422333
19,0.594945678164,0.61333511057
20,0.609215029249,0.627483489687
21,0.599715716342,0.615911208784
22,0.591291962637,0.6070890449
23,0.591928854075,0.609263674076
24,0.577934016448,0.595262320588
25,0.585276651833,0.603115548679
26,0.578687809912,0.596113077591
27,0.570805622323,0.587712599692
28,0.563567628781,0.579997633955
29,0.556768309666,0.57271504504
30,0.549039776285,0.564361524785
31,0.54142633854,0.556112155106
32,0.533486644196,0.54754472221
33,0.525340841149,0.53835716079
34,0.515821594885,0.527758303983
35,0.509300458506,0.520478008655
36,0.505072554603,0.516120772378
37,0.502501358634,0.513937888052
38,0.501138727129,0.512940927712
39,0.496645342404,0.508517245003
40,0.494749885101,0.506546379856
41,0.491672113974,0.503118487831
42,0.490287099424,0.501589436832
43,0.489085222245,0.500225977205
44,0.489165137912,0.500298216071
45,0.490258383012,0.501526329011
46,0.491732923581,0.50318826928
47,0.494661991658,0.506461135035
48,0.496475235807,0.508344176512
49,0.501140405592,0.512941616486
50,0.502589355239,0.51401733015
51,0.505231196667,0.5162773279
52,0.509396945518,0.52057474204
53,0.515740728051,0.527679728729
54,0.525523929021,0.538574034299
55,0.533598174397,0.547716483107
56,0.541602176951,0.556331767145
57,0.549050960032,0.564361355084
58,0.556793085216,0.572747016245
59,0.582046108593,0.598825924656
60,0.588996814016,0.606136998271
61,0.596711990422,0.614275254511
62,0.604098537,0.622056128676
63,0.609995776367,0.628140506385
64,0.601084392746,0.61847591235
65,0.617928674058,0.635461893315
66,0.618269534368,0.634937308773
67,0.618698259051,0.633184956948
68,0.633053929893,0.651049023382
69,0.63866494688,0.657401439718
70,0.621045117471,0.638210779962
71,0.651296730477,0.671978476509
72,0.65489814557,0.67610344247
73,0.657315666923,0.678914501829
74,0.639384621066,0.659707157413
75,0.658225894638,0.680053656385
76,0.656995017939,0.678697753768
77,0.65496504038,0.676470988826
78,0.638464753281,0.658111142561
79,0.643563324213,0.663659499076
80,0.638395839241,0.657518603706
81,0.632724557011,0.651140387618
82,0.608092203815,0.620597405638
83,0.602815479008,0.618005228315
84,0.606869578691,0.624344554572
85,0.612368533531,0.630449663241
86,0.606661426371,0.624553398058
87,0.599898629309,0.617446558724
88,0.592140265453,0.60928724085
89,0.585158757673,0.60204331983
90,0.578823224832,0.59540421708
91,0.571281537953,0.587265102379
92,0.563400045946,0.578728585045
93,0.555263642267,0.570092560332
94,0.547828744402,0.561699161726
95,0.538216330108,0.551048949882
96,0.529325447168,0.541078099412
97,0.523072152042,0.534173385645
98,0.518410297615,0.529464207732
99,0.516369552323,0.527841735617
100,0.514719691561,0.526618936999
101,0.5106596812,0.522572615505
102,0.506609196922,0.518298488841
103,0.504398916207,0.51582502887
104,0.503268479743,0.514525527017
105,0.502547239638,0.513649632821
106,0.502694569346,0.513719378067
107,0.502894251233,0.514077531319
108,0.503791586727,0.515140542351
109,0.505150289057,0.516679701153
110,0.508628521061,0.52049590287
111,0.512334025954,0.524288053414
112,0.51572430883,0.527440664445
113,0.517192117776,0.52843175082
114,0.519988638789,0.53091578096
115,0.525629612407,0.536953000386
116,0.533285018197,0.545532013819
117,0.542884157107,0.556242104417
118,0.551590278598,0.566036747183
119,0.559231428553,0.574298888081
120,0.567158688367,0.582804589198
121,0.57526932198,0.591581209626
122,0.601662303106,0.619048654839
123,0.608904442288,0.62667548898
124,0.616805487479,0.635051993111
125,0.623721887748,0.642322231513
126,0.62974195899,0.648521336897
127,0.634981706444,0.65372833022
128,0.639245847501,0.657673102805
129,0.631749963335,0.648328307784
130,0.63107107193,0.644216366999
131,0.654415978169,0.673318530124
132,0.660186305213,0.679768079452
133,0.666341804551,0.686850733415
134,0.652400358039,0.671482662026
135,0.67694876032,0.698903352086
136,0.679215056261,0.701410145481
137,0.681074417652,0.703458174545
138,0.664779862677,0.685823620773
139,0.681406604408,0.703810147614
140,0.680362924423,0.702666555087
141,0.678248773923,0.700312034198
142,0.675391431839,0.697210888879
143,0.652215167086,0.6714123697
144,0.663186427241,0.683212806462
145,0.657318781153,0.676524838049
146,0.647778631997,0.664988316239
147,0.640032499164,0.656558495013
148,0.628884291213,0.645449839384
149,0.637160633736,0.65578439737
150,0.632496967483,0.651297542243
151,0.626946295129,0.645657636751
152,0.62063481288,0.639073279129
153,0.612833244101,0.630831729457
154,0.605103391652,0.622682758099
155,0.598118867537,0.615331788227
156,0.591261495825,0.608051987748
157,0.583101836415,0.599220918524
158,0.574848619387,0.590338361749
159,0.566876137408,0.58181344081
160,0.558511260139,0.57246355376
161,0.54901225202,0.561880271211
162,0.540167672062,0.551982134493
163,0.532458191652,0.54342711159
164,0.526925743607,0.53754684352
165,0.524119325182,0.535074766745
166,0.522846637015,0.534329979934
167,0.519941706215,0.531688819691
168,0.515339673553,0.526935463668
169,0.512547567039,0.523952235246
170,0.51084963488,0.522089835324
171,0.509694175668,0.520775822152
172,0.509568304457,0.520527943064
173,0.509527971798,0.520419393732
174,0.509369241832,0.520369717232
175,0.510226101405,0.521368662128
176,0.511630379792,0.52295527077
177,0.513799691076,0.525314863348
178,0.518564606481,0.530307354575
179,0.521759855781,0.533425978583
180,0.523533666817,0.534752758828
181,0.525567019068,0.536362399891
182,0.529587805599,0.540291042189
183,0.535911448253,0.547240450493
184,0.544431962937,0.556757225717
185,0.55385073751,0.567265300072
186,0.563021867283,0.577551350299
187,0.570717918369,0.585938781203
188,0.578944502835,0.594732173306
189,0.587383393143,0.603860019252
190,0.594750899991,0.611785399373
191,0.608948168901,0.626438184685
192,0.61574781987,0.633620786412
193,0.623179187117,0.641483795547
194,0.630927839191,0.649719328791
195,0.638307187616,0.657554206563
196,0.644148654627,0.663651853687
197,0.649133438295,0.668609373784
198,0.653445910351,0.672661551122
199,0.644283561749,0.661311525381
200,0.659409217778,0.677410708889
201,0.659464910357,0.675869994623
202,0.671834678252,0.691250471328
203,0.676928372554,0.696911156358
204,0.682432927797,0.703209882965
205,0.660956400721,0.679481339419
206,0.693579972342,0.715878411952
207,0.696348691928,0.718938203527
208,0.698510981781,0.72138210226
209,0.700009679576,0.723117966303
210,0.689256394374,0.711373851025
211,0.70078443755,0.724091934216
212,0.699523545038,0.722733188107
213,0.697806205542,0.720829502479
214,0.694948904782,0.717695363395
215,0.661989778253,0.680866860947
216,0.683266434875,0.704270441516
217,0.677006483659,0.69699649401
218,0.670983595026,0.690127210274
219,0.657232124163,0.673002326959
220,0.657211237724,0.674538991026
221,0.6402882005,0.656183155307
222,0.648730941364,0.666578901222
223,0.644424046997,0.662437261633
224,0.63955033022,0.657621629301
225,0.634057981489,0.652046073664
226,0.62790400553,0.645764715075
227,0.621452369078,0.639157631032
228,0.614840330218,0.632391917654
229,0.608477444457,0.625844988949
230,0.602049392867,0.619104080254
231,0.594305174202,0.610787408103
232,0.58629710766,0.602157086397
233,0.578074604873,0.59335859166
234,0.569802628933,0.584272198315
235,0.561030932358,0.574428973152
236,0.552225347439,0.564620410476
237,0.543859963314,0.555295091714
238,0.536254029278,0.546850665767
239,0.530201081465,0.540324958801
240,0.526614788614,0.536862119465
241,0.525056010499,0.535810706738
242,0.523656545792,0.534862739123
243,0.521405848157,0.532836700203
244,0.517492470815,0.528786394219
245,0.514739336362,0.525876708896
246,0.512926136653,0.523902871283
247,0.511540626461,0.522335516136
248,0.510961936146,0.521610867646
249,0.511996685358,0.522626148134
250,0.511054485088,0.521705730117
251,0.511576396979,0.522375589326
252,0.512918255977,0.523899017371
253,0.514736841017,0.525865682343
254,0.517430641458,0.528727427285
255,0.521504947579,0.532930622398
256,0.523533137255,0.534743979593
257,0.525022381004,0.535786673752
258,0.526611159119,0.53686034865
259,0.530226286337,0.540357363165
260,0.536154146712,0.546756462444
261,0.543960736857,0.555398975185
262,0.552249673387,0.564635570229
263,0.560888895609,0.574290886016
264,0.569811411565,0.584278447755
265,0.5779589866,0.593230830297
266,0.586248087813,0.602096459934
267,0.594269365002,0.61073725725
268,0.602137455342,0.61923111151
269,0.620767543737,0.638674654543
270,0.628065174955,0.646309949694
271,0.635494587187,0.654023846848
272,0.642117048815,0.660782657976
273,0.647460408052,0.666062570563
274,0.651926567309,0.670287189627
275,0.656963817095,0.675193903404
276,0.662645042554,0.680933414034
277,0.647843476303,0.663449517573
278,0.662561061648,0.678220122125
279,0.678341944361,0.697123900009
280,0.686993079979,0.707381507419
281,0.69391759269,0.715384012316
282,0.700978905814,0.723666193594
283,0.691069620246,0.712479669749
284,0.708709217061,0.732127145141
285,0.710089229758,0.733481786255
286,0.711194459942,0.73457033082
287,0.711697506672,0.735053146708
288,0.709420684289,0.732401729093
289,0.711811234738,0.735160685239
290,0.711274884958,0.734656611557
291,0.710094149798,0.733484114341
292,0.708739665239,0.732159999785
293,0.690852332026,0.712254857337
294,0.70109203937,0.723782006556
295,0.693845314297,0.715312992751
296,0.687001567027,0.707411019805
297,0.678457201426,0.697237286985
298,0.662618171186,0.678276147611
299,0.64778610343,0.663383719748
300,0.662688518351,0.680984034749
301,0.656970948075,0.675190159151
302,0.65210274103,0.670474626898
303,0.647329176651,0.665931723433
304,0.642039658486,0.660713911459
305,0.635525107809,0.654047653106
306,0.628064341102,0.646298133864
307,0.620722667949,0.638641141713
308,0.613832589768,0.631448485077
309,0.606274341118,0.623411005361
310,0.597673386251,0.614156226576
311,0.588975085899,0.60480290724
312,0.580506494006,0.595764414412
313,0.57233153512,0.586806103836
314,0.56285661928,0.576223036594
315,0.554186914644,0.566546460314
316,0.544892640004,0.556234333489
317,0.536988336824,0.547509440441
318,0.531179728724,0.54132075665
319,0.527690668104,0.53804616649
320,0.526003487997,0.536871724767
321,0.523772669185,0.534959489062
322,0.520806208877,0.532041158964
323,0.516374500526,0.5273941639
324,0.513888876477,0.524762333558
325,0.511911605607,0.522642430956
326,0.510614125405,0.521216852339
327,0.510171252808,0.520685528746
328,0.510949762867,0.521483433645
329,0.510117644299,0.520635351042
330,0.510569851031,0.521173709955
331,0.511980467993,0.522705442424
332,0.513854300697,0.524730027561
333,0.516474029549,0.527498092103
334,0.520713306123,0.531942935481
335,0.523798488837,0.534979771192
336,0.525916345507,0.536778395281
337,0.527678545865,0.538037120627
338,0.531167300277,0.541317110668
339,0.536881596816,0.54740011767
340,0.544856709604,0.556205472133
341,0.554285561462,0.566647875974
342,0.562743234324,0.576115072856
343,0.572298092776,0.58675705543
344,0.58051408735,0.59577818195
345,0.588912641576,0.604747758994
346,0.597610963164,0.614097131732
347,0.606300227276,0.623443409858
348,0.613883844441,0.631494939621
349,0.622124744886,0.640109965019
350,0.629039304876,0.647363277777
351,0.636315220284,0.654994584054
352,0.643318632116,0.662226062049
353,0.649116164364,0.668176293024
354,0.653606741361,0.672670552614
355,0.6569967461,0.675867421664
356,0.659121401683,0.677611182298
357,0.660831589548,0.678886319697
358,0.648177110174,0.663805364833
359,0.657644042486,0.672976497037
360,0.668739409482,0.685765576876
361,0.678193988534,0.696758942925
362,0.686550858675,0.706146554531
363,0.695325487164,0.716148109983
364,0.697549163829,0.718589250354
365,0.710331082721,0.732924626634
366,0.715713759619,0.738912293002
367,0.720169792442,0.743888800065
368,0.723061286399,0.747075646411
369,0.724808286979,0.748972087681
370,0.72476509713,0.748902321827
371,0.723235165877,0.747263688553
372,0.720311615671,0.744038154157
373,0.715669222595,0.73886846727
374,0.710199666823,0.732795660914
375,0.697613713853,0.718645100935
376,0.695547218527,0.716367478394
377,0.686651567711,0.706246895085
378,0.678275041045,0.696844585748
379,0.668819294267,0.685841291241
380,0.657534915106,0.672879155161
381,0.648171877073,0.663794626579
382,0.660874258949,0.678936100784
383,0.65919313131,0.677684797698
384,0.657066287851,0.675946054394
385,0.653581748138,0.672643381103
386,0.649005154037,0.668060563139
387,0.643214534673,0.662128443751
388,0.636221726113,0.654902797772
389,0.629072421488,0.647395807426
390,0.62206465114,0.640054971888
391,0.614843632382,0.632488127734
392,0.606766009446,0.623871764287
393,0.597354114258,0.61374730952
394,0.587728942736,0.603457933489
395,0.57831096722,0.593359533819
396,0.569064459852,0.583259473356
397,0.559162568001,0.572262167462
398,0.549846132017,0.561886843159
399,0.540277964873,0.551266495215
400,0.532440431998,0.542709754042
401,0.527069886888,0.536999967458
402,0.524284034614,0.534452249141
403,0.522772744389,0.533376215533
404,0.520818876539,0.531656355952
405,0.519016622966,0.529981362333
406,0.515596714105,0.526499485492
407,0.51223705491,0.522936760453
408,0.510013295781,0.520568170309
409,0.508349251709,0.51878604655
410,0.507619855499,0.517966287278
411,0.507363351857,0.517661236165
412,0.507413596425,0.517712434863
413,0.507564262059,0.51790681374
414,0.50844353187,0.518882419373
415,0.509965383411,0.52051860405
416,0.512181581095,0.522876443055
417,0.515653398407,0.526551496491
418,0.518972782334,0.529933970287
419,0.520828531134,0.53166948605
420,0.522700149069,0.533304437523
421,0.524262345944,0.534427425013
422,0.527128226119,0.537049674356
423,0.532390215118,0.542657663526
424,0.540166657159,0.551155230878
425,0.549882199915,0.561925908878
426,0.559085709244,0.572186375209
427,0.569040359993,0.583225696136
428,0.578332414134,0.593390097987
429,0.587696254362,0.603426170882
430,0.597336090612,0.613745109512
431,0.606848555749,0.623946244371
432,0.61494192387,0.632581011465
433,0.624477762052,0.642768402229
434,0.625993752605,0.644475017104
435,0.618989832194,0.637025457374
436,0.617912262528,0.636009439419
437,0.631197064922,0.64994132433
438,0.646524846954,0.665732755628
439,0.661444775687,0.680985900353
440,0.669128307711,0.688537633021
441,0.668368706249,0.687180623532
442,0.662936654101,0.680865728897
443,0.651005796604,0.667941966167
444,0.637412872483,0.652176114266
445,0.65524536631,0.671327977854
446,0.679853240531,0.699269278601
447,0.69881236489,0.719620365842
448,0.710020894003,0.732044265159
449,0.711379059784,0.734249895421
450,0.702968700556,0.725894588212
451,0.691233754329,0.713992668139
452,0.682490073836,0.704961586577
453,0.694553058208,0.717627649063
454,0.711406700504,0.735063480677
455,0.726028636398,0.750297426657
456,0.731162635676,0.755613139989
457,0.726039658847,0.750295302844
458,0.711286136905,0.734937456441
459,0.6947057468,0.717769820964
460,0.682520960092,0.704984133903
461,0.691234387814,0.714000198949
462,0.702964962951,0.725905697246
463,0.711378542625,0.734246018201
464,0.71006570484,0.732104766184
465,0.698735909861,0.719529347975
466,0.680176299822,0.699594731195
467,0.655353771926,0.671436415318
468,0.637484873413,0.652240320593
469,0.651068509763,0.668004103506
470,0.663063600971,0.680993554682
471,0.668417302556,0.687235791883
472,0.6691848052,0.688609964912
473,0.661396779083,0.680935517241
474,0.646429567387,0.66564131816
475,0.63106579243,0.649811743658
476,0.617902810732,0.636005702163
477,0.619004113553,0.637042060192
478,0.626131138731,0.644620585098
479,0.624506151539,0.642798489524
480,0.619784774123,0.637698711807
481,0.611936901799,0.629455494623
482,0.596305046619,0.612875146039
483,0.580428793748,0.595985724863
484,0.568418127204,0.583134128507
485,0.565910515897,0.5803370094
486,0.56898485224,0.583184104082
487,0.563247584035,0.576606656856
488,0.555885976436,0.568334024799
489,0.547724427667,0.55927084156
490,0.536327400219,0.547022969076
491,0.523720188176,0.533348291297
492,0.516187610061,0.525452750129
493,0.515114346786,0.524487554219
494,0.519489779729,0.529499384548
495,0.51863539288,0.529036676661
496,0.516775348826,0.527437953578
497,0.514093630595,0.524824971511
498,0.510661101773,0.521307849215
499,0.504883336036,0.515415051187
500,0.500452564152,0.510611601706
501,0.500445949647,0.510395612442
502,0.503619444308,0.513804959279
503,0.503383835284,0.513528162337
504,0.503935334948,0.514108428207
505,0.503268123678,0.513410863647
506,0.50368487937,0.513865235111
507,0.500494379255,0.510441051914
508,0.500500054773,0.510658778331
509,0.504854036971,0.515391153062
510,0.510607944178,0.521258763005
511,0.514053695671,0.524786450627
512,0.516719789259,0.527384769024
513,0.51864887868,0.529057195222
514,0.519495871953,0.529508179551
515,0.515049686938,0.524425154953
516,0.516208385677,0.525475768886
517,0.523771510236,0.533396824414
518,0.53644108306,0.547140938738
519,0.547800683042,0.559346120173
520,0.555883591068,0.568330092408
521,0.563348073245,0.576707226514
522,0.56882103677,0.583029162535
523,0.56583702249,0.580254074377
524,0.568266242128,0.58298757325
525,0.580424066873,0.595982596317
526,0.596340880127,0.612897025487
527,0.611878273102,0.629392922551
528,0.619914215604,0.637834019135
529,0.622180642929,0.640369033207
530,0.626653549917,0.645035390704
531,0.630773445,0.649329788833
532,0.633695350977,0.652341294077
533,0.635383927269,0.654035188774
534,0.635316579567,0.653805861101
535,0.63307196263,0.65124745291
536,0.629744940292,0.647553317647
537,0.625753156512,0.643158436264
538,0.62138659665,0.638477158182
539,0.617468591001,0.634224754016
540,0.616543062557,0.633051672578
541,0.611508177745,0.626073706662
542,0.620716252647,0.635955461111
543,0.633630456269,0.650715427365
544,0.645048507752,0.663018449579
545,0.657450314097,0.676488275256
546,0.670391722948,0.690611228089
547,0.682995389771,0.704317527199
548,0.694073710045,0.716102805034
549,0.704407855173,0.727119036017
550,0.714323368295,0.737769795919
551,0.722802056049,0.746854593326
552,0.72912814941,0.753555775329
553,0.733162299376,0.757781918601
554,0.733283255011,0.757924799828
555,0.729135634571,0.753558988431
556,0.722894254586,0.746950494279
557,0.714453018718,0.737907192869
558,0.704292791769,0.727003387948
559,0.694036941657,0.716073535682
560,0.683170938546,0.704496741078
561,0.670402118717,0.690619837537
562,0.657502804287,0.676543486225
563,0.645212817563,0.663202979578
564,0.633551155763,0.650642776946
565,0.62069590713,0.635935750048
566,0.611450256129,0.626015288953
567,0.616680278708,0.633195281117
568,0.617317634345,0.634070485723
569,0.621374829289,0.638472951189
570,0.625737133643,0.643149036599
571,0.629769172062,0.64757822885
572,0.632996334819,0.651178219764
573,0.635177472045,0.653671090266
574,0.635516113729,0.654173204125
575,0.633726169158,0.652365778742
576,0.630768948118,0.649319696452
577,0.626592078358,0.644979675218
578,0.62235349644,0.640531362317
579,0.617166500519,0.635093286595
580,0.60966645292,0.627097929385
581,0.600190937751,0.616948196501
582,0.589934882793,0.606023065208
583,0.57916340995,0.594579460732
584,0.568560403357,0.58331951949
585,0.557724766703,0.571591905324
586,0.546076038521,0.558819819137
587,0.535761694399,0.547487816297
588,0.5254595424,0.536143384565
589,0.516418709415,0.526321283041
590,0.509691880991,0.519116079751
591,0.50449919161,0.513613724995
592,0.501569769043,0.51087972321
593,0.500589524942,0.510217517182
594,0.499683408598,0.509403036971
595,0.499976850817,0.509794845759
596,0.501342061377,0.511318859721
597,0.502191322121,0.512327705559
598,0.50203892014,0.512277999076
599,0.501800166421,0.512046292774
600,0.500540986158,0.51066373425
601,0.499219916874,0.509209970379
602,0.498571221264,0.508515050806
603,0.498866220781,0.508848965213
604,0.498868136171,0.50885372597
605,0.498751821845,0.508751913717
606,0.499432398679,0.509493269354
607,0.500645534554,0.5107890101
608,0.501808652089,0.512055897691
609,0.502102547651,0.51234561951
610,0.50220448432,0.512344686993
611,0.501277202107,0.511251073524
612,0.500019661506,0.509837429063
613,0.499718559005,0.509435615221
614,0.500629846513,0.510257352532
615,0.501686006353,0.51099960446
616,0.50447116571,0.513591154063
617,0.509713109774,0.519134547946
618,0.516470811036,0.526372309191
619,0.525421867969,0.536103907256
620,0.535832471674,0.547560144421
621,0.546167439918,0.558921187351
622,0.557806989006,0.571678459589
623,0.56889184881,0.583721878161
624,0.579361724591,0.594876990507
625,0.590371007324,0.606605832104
626,0.600636728588,0.617517255297
627,0.609737217131,0.627218841939
628,0.617073619129,0.634997858189
629,0.624078360413,0.642457314264
630,0.62781522402,0.646381331373
631,0.63087215966,0.649523416282
632,0.63275140245,0.651408940496
633,0.633749335086,0.652327753168
634,0.633448255835,0.651883537319
635,0.632088093296,0.650301632861
636,0.629414092659,0.647284745028
637,0.625516784397,0.643010491965
638,0.620765968204,0.637890231531
639,0.616011145266,0.632906690497
640,0.612169673591,0.629263027096
641,0.59615882373,0.610088698452
642,0.602625234898,0.619107016324
643,0.602591555293,0.620186865477
644,0.601803573725,0.619550256702
645,0.60353099192,0.621513643947
646,0.610415272681,0.629313816657
647,0.61927428367,0.638969089766
648,0.628274883139,0.6484617345
649,0.63783203402,0.658505293612
650,0.647927411065,0.669213857857
651,0.658070877575,0.680000783768
652,0.667588408357,0.690085676522
653,0.676190465659,0.69893135751
654,0.683855335475,0.706690437213
655,0.690672688703,0.713447648159
656,0.697188319214,0.719853200277
657,0.703122721185,0.725763505538
658,0.709029491784,0.73182437378
659,0.714500660893,0.737618143086
660,0.71830049065,0.741688445741
661,0.719478301899,0.742934546202
662,0.716727708151,0.739639138351
663,0.711590407781,0.733902348644
664,0.705017498701,0.726822960852
665,0.69762982412,0.718979770539
666,0.677046196554,0.694152353009
667,0.680219948095,0.700839698341
668,0.670402260249,0.690637725945
669,0.661188463619,0.681444929779
670,0.651473509715,0.671607510978
671,0.6402947934,0.660082390896
672,0.628479075036,0.647769182071
673,0.616865671278,0.635596762281
674,0.605661901957,0.623829783
675,0.595099476147,0.612830612599
676,0.584232877579,0.601491479239
677,0.57373151514,0.590451299903
678,0.564334387025,0.580550663763
679,0.556130472619,0.571920050722
680,0.548180808275,0.563437207679
681,0.541735430185,0.556419806969
682,0.537408728983,0.551669011824
683,0.535790462542,0.549819859937
684,0.5352242344,0.549002305398
685,0.535091007469,0.548600794532
686,0.535333561422,0.548633880129
687,0.534015230658,0.546717733204
688,0.53249070264,0.544599774307
689,0.530114091989,0.541645301356
690,0.526457448143,0.5373262729
691,0.522593214639,0.532844715027
692,0.518548692386,0.528236503947
693,0.515202801122,0.524711443948
694,0.513665833533,0.523503199456
695,0.512242172741,0.522431692013
696,0.510134446463,0.520560568942
697,0.507788305227,0.518312061073
698,0.504653638399,0.515105738231
699,0.501349722262,0.511652505014
700,0.498642968058,0.508768839209
701,0.496400360564,0.506348541345
702,0.495185695993,0.50513633179
703,0.494076504477,0.503968804755
704,0.491808461255,0.501507783061
705,0.48977913789,0.499325478092
706,0.486958837974,0.4963176321
707,0.483996266629,0.493217961284
708,0.480830208649,0.490015303479
709,0.478259002594,0.487348458389
710,0.477457543789,0.486590044303
711,0.478102185117,0.487361385841
712,0.480090211715,0.489492738361
713,0.482576917777,0.492120848753
714,0.485681793396,0.495443996691
715,0.488860698159,0.498758228873
716,0.491845893063,0.501616727751
717,0.495042313621,0.504507169846
718,0.499978673208,0.509252608235
719,0.506295837983,0.515766396009
720,0.514873298944,0.524967923971
721,0.52531343543,0.536338318993
722,0.536362204823,0.548388588987
723,0.546779787195,0.559787905262
724,0.557637146328,0.571685950725
725,0.56809032584,0.58299930381
726,0.577627866883,0.593105050486
727,0.587185876274,0.603298432705
728,0.59637024945,0.613067746733
729,0.605166256669,0.622477454433
730,0.61274223972,0.630555986683
731,0.619100465814,0.637285651827
732,0.621208160432,0.639518743286
733,0.627871791237,0.646335931327
734,0.631593975166,0.650088987542
735,0.631975904957,0.650265700198
736,0.630102554253,0.648505701193
737,0.626895534286,0.645676905363
738,0.62310192668,0.642350880979
739,0.616104015809,0.635724956405
740,0.606574690168,0.625731765906
741,0.5949856107,0.613246541124
742,0.582821558759,0.60024727415
743,0.570633473406,0.587290576561
744,0.553478771757,0.566792526488
745,0.566880755423,0.582983196276
746,0.582257538368,0.599966318343
747,0.600580841333,0.619607448848
748,0.621205116989,0.641626060377
749,0.641298283404,0.66287579871
750,0.658355762973,0.680293445324
751,0.674597966355,0.696778884732
752,0.690845976833,0.713315023154
753,0.706088283772,0.728976593909
754,0.720610603067,0.744429454004
755,0.731364358052,0.756030281548
756,0.735334461885,0.760222718251
757,0.734138829391,0.758980507117
758,0.726524402636,0.750823356667
759,0.713669192233,0.736962138472
760,0.698602599262,0.721252551432
761,0.682735504647,0.705061941134
762,0.666569444954,0.688632140045
763,0.650239018706,0.672082753605
764,0.63145461158,0.652532752123
765,0.610790904284,0.630503491252
766,0.590890197817,0.609247379871
767,0.574780562141,0.59197899004
768,0.558024815274,0.5720735215
769,0.566436610186,0.582838639039
770,0.576405340337,0.593374665397
771,0.588732468233,0.606569046361
772,0.601160154446,0.619867759345
773,0.611641832123,0.631172759249
774,0.619521492489,0.638963034717
775,0.625108359162,0.644127158623
776,0.628953849457,0.647524660211
777,0.630872505914,0.649135553758
778,0.632126211778,0.650510621849
779,0.630295362962,0.648797173516
780,0.624575038837,0.64297837014
781,0.617596842758,0.635821344888
782,0.607921250813,0.625768908697
783,0.595124483323,0.612285075924
784,0.581750396588,0.59814577275
785,0.568124416685,0.583754266978
786,0.553181681855,0.567862905269
787,0.537418305205,0.551140120361
788,0.521555530339,0.534396544678
789,0.505521102403,0.517225072123
790,0.491495554924,0.502211125881
791,0.481153033188,0.491167017292
792,0.476690917958,0.486291799123
793,0.476184528701,0.485564166072
794,0.47817634347,0.487639914348
795,0.481217435996,0.491002386026
796,0.485311812076,0.495523394482
797,0.488400672362,0.498872481403
798,0.491322488646,0.50201535094
799,0.492685784663,0.503137250815
800,0.492567241767,0.502650598968
801,0.492131378505,0.502074625504
802,0.490957769243,0.500859347793
803,0.489754667675,0.499556122985
804,0.488623166726,0.498278248188
805,0.488250129742,0.497814386779
806,0.488329588802,0.497861666074
807,0.488331172198,0.497941405554
808,0.489082690681,0.498803347292
809,0.49035584861,0.500203918906
810,0.491648899265,0.501601348788
811,0.492592232831,0.502552036946
812,0.492960513406,0.503270758332
813,0.492068049207,0.50265032488
814,0.490030609034,0.500647294228
815,0.487001661153,0.497345780064
816,0.48315645191,0.49315227923
817,0.479467653907,0.489068900855
818,0.476832009876,0.486174114863
819,0.476148340635,0.485617047781
820,0.477953260652,0.487710654518
821,0.485939134358,0.496288857633
822,0.498240473865,0.509423781666
823,0.513384541877,0.52563704549
824,0.529694265646,0.542998379767
825,0.545257597228,0.559433888904
826,0.560929890938,0.576114437986
827,0.57495164961,0.590965974498
828,0.588438699417,0.605212545519
829,0.601653147664,0.619165500853
830,0.613442949698,0.631553448907
831,0.622027714451,0.640477320873
832,0.628756503353,0.647421534347
833,0.63497191504,0.653826860024
834,0.639581895914,0.658538428316
835,0.641862409655,0.660741174082
836,0.642495537762,0.661253857035
837,0.643005144055,0.661870575045
838,0.642923625537,0.662017764754
839,0.641896943116,0.661139448802
840,0.639283623153,0.65848336101
841,0.635963957031,0.655168838409
842,0.632838737814,0.65235576037
843,0.614227315005,0.630034489688
844,0.625094990529,0.645299051146
845,0.61943949114,0.639665185558
846,0.61353064812,0.633801417336
847,0.60738502646,0.627708563984
848,0.600279182112,0.620409050091
849,0.592605425792,0.612466828581
850,0.584795048199,0.604334231031
851,0.576857046895,0.595994655571
852,0.569006212136,0.587609202041
853,0.563177408535,0.581428446479
854,0.559007293557,0.577123055975
855,0.557072051979,0.575201823952
856,0.557965031985,0.576079897158
857,0.560860465588,0.579015368885
858,0.565833537388,0.584204405601
859,0.572803017051,0.59168426445
860,0.580991312018,0.600356885075
861,0.588723941644,0.60843092118
862,0.59641493725,0.616430544251
863,0.603745404346,0.623985706368
864,0.610498004366,0.630801298446
865,0.616584713859,0.636838322629
866,0.622283447491,0.64249447038
867,0.619856348421,0.637265656764
868,0.628745695605,0.64780758439
869,0.634311187113,0.653622474056
870,0.637896436208,0.657123569202
871,0.6405344841,0.659755305637
872,0.642640668752,0.661841884349
873,0.642989800984,0.661956523099
874,0.642756210149,0.661536387136
875,0.642347790673,0.66113670369
876,0.640987622881,0.659916725619
877,0.637599219208,0.656519997716
878,0.631897608991,0.65064461157
879,0.625496888745,0.644058406767
880,0.618551994412,0.636857195063
881,0.611234795047,0.629247387933
882,0.603749008828,0.621369006153
883,0.595906242125,0.612998472812
884,0.587403449514,0.603887303701
885,0.579168109408,0.595075203951
886,0.571361738482,0.586724911555
887,0.563457680136,0.578244775136
888,0.555120768848,0.569167305682
889,0.545494013322,0.558555298124
890,0.536009088665,0.548142202744
891,0.526278096153,0.537585215787
892,0.517498836172,0.528181853969
893,0.509529753098,0.519777082268
894,0.503572965167,0.513915600707
895,0.498259051595,0.508898958124
896,0.492171490142,0.502944432035
897,0.485456223811,0.496162391001
898,0.478958363155,0.489471013428
899,0.472652886162,0.482952168248
900,0.466523436335,0.476587397497
901,0.461919659463,0.471818337786
902,0.458133108303,0.467885130866
903,0.45453557812,0.464159155946
904,0.452106710221,0.461619765007
905,0.450882913193,0.460357334569
906,0.450856421232,0.46034167089
907,0.451203534209,0.460695171538
908,0.453177249522,0.462743559615
909,0.456293332479,0.465984554449
910,0.460048455867,0.469874258273
911,0.464003622131,0.473973191115
912,0.469511289487,0.479701032637
913,0.475765242527,0.486160806673
914,0.482297894636,0.492933493712
915,0.488685080831,0.499443635465
916,0.495322571199,0.506060452895
917,0.501077868067,0.511578781113
918,0.50635036083,0.516567484224
919,0.513192462116,0.523610519999
920,0.521810601585,0.532778705558
921,0.531148960183,0.542852028356
922,0.54086155174,0.553438586196
923,0.550202759586,0.563747665003
924,0.559510737652,0.57395411006
925,0.567502716719,0.58258347324
926,0.5752684214,0.590887999425
927,0.583089934168,0.599270497
928,0.591606644729,0.608389897005
929,0.599876626279,0.617244096036
930,0.607550365087,0.625405138328
931,0.614862593583,0.633034114116
932,0.614975279964,0.633333586405
933,0.60142379533,0.619751742752
934,0.563768251483,0.580673213424
935,0.514333306287,0.529146446103
936,0.490750263219,0.504922814049
937,0.537903288174,0.554519679549
938,0.592595011359,0.611450905548
939,0.640786095005,0.661054416484
940,0.666754574863,0.687792732739
941,0.670623262948,0.691368356958
942,0.665962378878,0.686235995431
943,0.623595322925,0.642280888434
944,0.570216899212,0.587312253364
945,0.519124934305,0.534546369547
946,0.519802320969,0.533050440813
947,0.586697411141,0.604023861611
948,0.649808412982,0.670236620067
949,0.697867424857,0.720096966448
950,0.713810797664,0.737322007811
951,0.719452317556,0.74410427953
952,0.689555376465,0.713472784223
953,0.631487862183,0.65320441625
954,0.568651438415,0.58780548572
955,0.528488260412,0.545655397085
956,0.57398508961,0.593103183599
957,0.637243322385,0.658608378392
958,0.697799736044,0.7214437842
959,0.730861896209,0.755552108735
960,0.731718652619,0.756356568258
961,0.720074715493,0.744504510991
962,0.669028179499,0.691517942369
963,0.605449342046,0.625717204026
964,0.543776635025,0.561716361032
965,0.53995637949,0.557699407929
966,0.600521401333,0.620996200233
967,0.661237267199,0.684090381025
968,0.71212232175,0.736935552278
969,0.716972018835,0.741068882123
970,0.710039133097,0.732994675955
971,0.676697629742,0.6981252019
972,0.619545719276,0.638516001475
973,0.55026723217,0.564465248409
974,0.511042102038,0.526058606254
975,0.542581480819,0.558930530609
976,0.597886895931,0.615795138249
977,0.647164794636,0.66671426516
978,0.671806227886,0.69235164149
979,0.66880309405,0.689713838
980,0.658238113758,0.679091160028
981,0.61842523464,0.638049862629
982,0.565555831573,0.583512776051
983,0.510569139954,0.525836153341
984,0.494919743952,0.509193493344
985,0.539251453223,0.555121465204
986,0.584829383092,0.602589574447
987,0.613223829513,0.6318099905
988,0.611290783096,0.629287195888
989,0.604375591703,0.621947817644
990,0.585625861174,0.602586463255
991,0.544765799073,0.560232462799
992,0.5004647674,0.514152119572
993,0.465067077136,0.477045043208
994,0.480733194874,0.492864922481
995,0.516559721379,0.529821379538
996,0.541309534629,0.55539962788
997,0.545613989083,0.558874079954
998,0.537723132888,0.550073507898
999,0.529536107678,0.541046345082
1000,0.50844139528,0.519118360339
1001,0.475571840519,0.484931595275
1002,0.448111736219,0.456972916168
1003,0.438768788534,0.447436680994
1004,0.462950611025,0.472062373216
1005,0.486573812363,0.496479975892
1006,0.496124625994,0.506419859624
1007,0.49442217659,0.504667860244
1008,0.491317607438,0.501453887296
1009,0.484660209971,0.494622655507
1010,0.463628468163,0.47363243108
1011,0.444221841692,0.453785380842
1012,0.434031799308,0.442739516777
1013,0.442829319583,0.450981698746
1014,0.46619040013,0.475209380784
1015,0.476555606419,0.485987320263
1016,0.47890795046,0.488409654657
1017,0.478441000556,0.487936378096
1018,0.473319554356,0.482791187316
1019,0.455995979822,0.464741291189
1020,0.435208004509,0.443598710457
1021,0.437742476822,0.446918311798
1022,0.453175040734,0.463111694844
1023,0.474722197493,0.484622268019
1024,0.489318965275,0.49940891551
1025,0.49291244502,0.503122463232
1026,0.495941518305,0.50620924375
1027,0.492973453273,0.503223807506
1028,0.475972400184,0.485412125754
1029,0.448769008809,0.457545914072
1030,0.439596461764,0.448381324653
1031,0.460757374532,0.469841090697
1032,0.492510766349,0.502439050568
1033,0.521547337695,0.532749701353
1034,0.533772049895,0.545696887734
1035,0.541616813355,0.554404738249
1036,0.546442012252,0.560174469173
1037,0.53113182753,0.544954190647
1038,0.498909848718,0.511504556687
1039,0.466188477681,0.478084218587
1040,0.480240638726,0.492972839003
1041,0.522336712793,0.53691759041
1042,0.566478112334,0.582766244315
1043,0.599123954731,0.616652535399
1044,0.608138074755,0.626036326389
1045,0.614845036708,0.633186568394
1046,0.621010448031,0.639469140579
1047,0.62697553394,0.645506301622
1048,0.632478819329,0.651003739329
1049,0.638494264742,0.657117453562
1050,0.645836984396,0.665050947751
1051,0.653266106878,0.673173485137
1052,0.660448571657,0.681007522274
1053,0.666879464236,0.688039835991
1054,0.672733276656,0.694414471294
1055,0.677075940551,0.699071131066
1056,0.67957115999,0.701417604513
1057,0.68093465734,0.702658205364
1058,0.682773618976,0.70460188711
1059,0.675503308832,0.694447816372
1060,0.683378778386,0.705322293769
1061,0.682653222116,0.704645862096
1062,0.682191200201,0.704357984185
1063,0.681264862257,0.703549561862
1064,0.678464862831,0.700477239987
1065,0.674902192671,0.696773136446
1066,0.67130493711,0.693140358858
1067,0.66733541036,0.689191134902
1068,0.663534023649,0.685592446947
1069,0.659287486567,0.681421692805
1070,0.653992712984,0.676134140023
1071,0.647878838277,0.669957268229
1072,0.640668513847,0.662329519808
1073,0.632959218215,0.654115186891
1074,0.625578620262,0.646360655671
1075,0.61814580974,0.638605975139
1076,0.611451311346,0.631813318666
1077,0.604800909797,0.625149937549
1078,0.598137988212,0.618514762653
1079,0.590795176044,0.61105307646
1080,0.582435687755,0.602316069291
1081,0.573568186841,0.593036527634
1082,0.564273266896,0.583196897336
1083,0.555063915094,0.573458458175
1084,0.546229914193,0.564145703991
1085,0.531550616354,0.546925169777
1086,0.527500075178,0.544134721034
1087,0.517833390382,0.533724494424
1088,0.508501137594,0.523710037869
1089,0.501159932606,0.516032874007
1090,0.494049874364,0.508552145177
1091,0.487618155267,0.501857033759
1092,0.481598684592,0.495660227348
1093,0.476527625423,0.490393371016
1094,0.472713174682,0.486460821765
1095,0.469415548946,0.48305989685
1096,0.466775024315,0.480188613289
1097,0.464957875094,0.478150823518
1098,0.464689090708,0.47779546065
1099,0.465478539179,0.478573236279
1100,0.466878203712,0.480010968995
1101,0.468467418203,0.481667020365
1102,0.469357910863,0.482569018247
1103,0.469536682211,0.482555579968
1104,0.469038932344,0.481632799834
1105,0.469392151878,0.481922542722
1106,0.470063540747,0.48240833216
1107,0.470436346322,0.48259505118
1108,0.469459003119,0.481224527681
1109,0.467617698247,0.478727559952
1110,0.465848774104,0.476296051852
1111,0.464120504542,0.474030578904
1112,0.462751551407,0.472301107351
1113,0.462043126517,0.471443770179
1114,0.461391225618,0.470753496924
1115,0.462023275578,0.471651287272
1116,0.463085748613,0.473120210814
1117,0.463213902346,0.473463204443
1118,0.462731984199,0.473123774046
1119,0.461991407595,0.472444998489
1120,0.460988799959,0.471424917746
1121,0.459093006724,0.469220205848
1122,0.457018065337,0.466731892129
1123,0.45560686155,0.465001428212
1124,0.454777408696,0.463901377961
1125,0.454321805489,0.463226511865
1126,0.454243807932,0.463010995954
1127,0.455006572612,0.46373375833
1128,0.455783995724,0.464687652727
1129,0.455728076367,0.464635944128
1130,0.456031804529,0.464968676566
1131,0.457127704902,0.466155575433
1132,0.458861668964,0.4679974964
1133,0.461044748638,0.470324851018
1134,0.46372045712,0.47315273689
1135,0.467474506152,0.477110536145
1136,0.471221923398,0.481036071801
1137,0.475342257108,0.485340099259
1138,0.479500476118,0.489628305628
1139,0.48356383704,0.493733949671
1140,0.487582442718,0.497679951122
1141,0.491414035972,0.501307089059
1142,0.496171929768,0.506071174293
1143,0.502743402443,0.513070052044
1144,0.510184984939,0.521118752319
1145,0.51866268102,0.530327619142
1146,0.527610962349,0.540120796784
1147,0.536932759151,0.550365814604
1148,0.546414612178,0.56072985554
1149,0.55489387585,0.569802971088
1150,0.56305203085,0.578429167006
1151,0.570722052325,0.586572080808
1152,0.578219099654,0.594406898776
1153,0.586622448477,0.603502456065
1154,0.594469668379,0.611927186916
1155,0.601846554204,0.619732406384
1156,0.608498547201,0.626648003004
1157,0.607980169385,0.626082282114
1158,0.614313091704,0.632480349122
1159,0.618033789519,0.636206620687
1160,0.60966877509,0.627739337271
1161,0.592245910968,0.610372401242
1162,0.568247411436,0.586362630736
1163,0.539490678567,0.556918167986
1164,0.504811063874,0.52068098168
1165,0.471864880312,0.486329523392
1166,0.459772138619,0.473536290044
1167,0.482838596082,0.497301226509
1168,0.523685449523,0.539830622347
1169,0.56906216292,0.587399289033
1170,0.612392079222,0.63273158791
1171,0.653245832007,0.675179088412
1172,0.690879655826,0.714535850524
1173,0.70795018003,0.732412856234
1174,0.711647871186,0.736074961084
1175,0.712637190795,0.736489105033
1176,0.710872192386,0.734162120318
1177,0.69296080889,0.715446944521
1178,0.662652140568,0.68435600836
1179,0.62460939434,0.645257980291
1180,0.584634234761,0.604307580868
1181,0.543741688279,0.562124055799
1182,0.502202151085,0.518863074035
1183,0.480641723311,0.49625106189
1184,0.50215483733,0.518821684178
1185,0.543839314274,0.562222608444
1186,0.58457185777,0.604236767019
1187,0.624707292811,0.645349404497
1188,0.662537275071,0.684234516273
1189,0.692961694282,0.715435433506
1190,0.710798994526,0.734072680878
1191,0.712790188311,0.736633038266
1192,0.711799114829,0.736213132939
1193,0.70813577106,0.732600393626
1194,0.691052778996,0.714717468613
1195,0.653212206075,0.675132364823
1196,0.612446028307,0.632793937563
1197,0.568940210977,0.587272279867
1198,0.523651036043,0.539782257715
1199,0.482774078002,0.497240269423
1200,0.459728962839,0.473496322491
1201,0.471745139478,0.486205416175
1202,0.504780982026,0.520642766757
1203,0.539431653889,0.556860432336
1204,0.568217175177,0.586335215464
1205,0.592245062217,0.61036100602
1206,0.609844775929,0.62792723905
1207,0.617983999055,0.636150447326
1208,0.614197564015,0.632358846501
1209,0.607868868626,0.625965850933
1210,0.601400170765,0.619391353299
1211,0.591834309507,0.609522135025
1212,0.568750249638,0.585627033054
1213,0.539124914713,0.554601199042
1214,0.506360263521,0.520081037207
1215,0.472875866067,0.485020597307
1216,0.442543649328,0.453670928899
1217,0.420428364564,0.430748887666
1218,0.421730046463,0.431688359456
1219,0.436950297417,0.446930314943
1220,0.452859460828,0.462888430333
1221,0.469480134113,0.479718140819
1222,0.484596965753,0.49511891556
1223,0.495541374549,0.506098605876
1224,0.497855970561,0.508280170457
1225,0.494636271478,0.505084951616
1226,0.490891929681,0.501254046047
1227,0.486848219792,0.497023670308
1228,0.48283437557,0.492830020254
1229,0.476682604605,0.486604253253
1230,0.466680744698,0.476392501692
1231,0.454575931394,0.463819282743
1232,0.439953244571,0.448615559189
1233,0.424793639869,0.433006840464
1234,0.411424046154,0.419562081199
1235,0.409591263273,0.418423521422
1236,0.408616031613,0.417546664862
1237,0.409688574867,0.418524495209
1238,0.41130017129,0.419438159464
1239,0.424777942275,0.432990801309
1240,0.439948063581,0.448606595839
1241,0.454616169066,0.463855056133
1242,0.466720296096,0.476429494464
1243,0.476591262869,0.486508858432
1244,0.482829953644,0.492826571344
1245,0.486862092113,0.497039688366
1246,0.490796654266,0.501157321751
1247,0.494712570091,0.505166890478
1248,0.497937745246,0.508361870886
1249,0.495470941391,0.506034845555
1250,0.484453128844,0.494979649587
1251,0.469582692463,0.479819886602
1252,0.452918416302,0.462954598208
1253,0.43707436647,0.447062909235
1254,0.421766069606,0.431715863622
1255,0.420518714243,0.430834342269
1256,0.44248374171,0.453609971406
1257,0.472853813114,0.484998452249
1258,0.506348791803,0.520070784465
1259,0.539208814233,0.55467989554
1260,0.56880008606,0.585672339676
1261,0.591828983751,0.60951815382
1262,0.601357793477,0.619355726687
1263,0.607392342011,0.625525379301
1264,0.614013571776,0.632327007185
1265,0.620406220637,0.638868501204
1266,0.62651374653,0.64506813938
1267,0.632390497786,0.651027059284
1268,0.637838662344,0.656652448747
1269,0.642624703597,0.661869887264
1270,0.644420127745,0.664179150631
1271,0.642315387896,0.662419467463
1272,0.637456173599,0.657773588367
1273,0.630669100455,0.650913885626
1274,0.622671275102,0.642770426565
1275,0.614882588016,0.635138190471
1276,0.606147255961,0.626482149276
1277,0.597349272496,0.617907871481
1278,0.586230629567,0.606455709099
1279,0.574275059357,0.594105169042
1280,0.561868633481,0.58124035837
1281,0.549011336922,0.567908828001
1282,0.535589392457,0.553989550542
1283,0.521948096809,0.539805120886
1284,0.507710040288,0.525004684719
1285,0.494108717297,0.510809110296
1286,0.481154720813,0.497259907455
1287,0.46938952942,0.484808162571
1288,0.461840322549,0.476757155086
1289,0.458913086988,0.473818418507
1290,0.461839120638,0.476759342076
1291,0.469484218703,0.484900893313
1292,0.481063166349,0.497173453205
1293,0.494132059291,0.510835513246
1294,0.50786715928,0.525175195599
1295,0.521896986661,0.53974162366
1296,0.535668447269,0.55405488864
1297,0.549112470352,0.568011602733
1298,0.561984446567,0.581368607057
1299,0.57442249765,0.594254777562
1300,0.586149893342,0.606383562714
1301,0.597217030334,0.617772695642
1302,0.606195328756,0.626525562045
1303,0.614828885966,0.635067550175
1304,0.622605584229,0.642701044499
1305,0.630560264039,0.650795840352
1306,0.637536273365,0.657851173634
1307,0.642203398756,0.662301190376
1308,0.644419175491,0.664175543459
1309,0.642713591665,0.661973874649
1310,0.637809162889,0.656623332719
1311,0.632290118747,0.650926843558
1312,0.626486296707,0.645048620911
1313,0.620395833672,0.638821560357
1314,0.613875087983,0.632130960891
1315,0.607123465978,0.625180104123
1316,0.600298368256,0.618101379777
1317,0.59309780689,0.610602033584
1318,0.585946906362,0.603101716036
1319,0.578400546264,0.595060794383
1320,0.570513226543,0.586614880415
1321,0.562706588607,0.578246487316
1322,0.554827051519,0.569816708753
1323,0.547324321728,0.561806703083
1324,0.539795178526,0.553775153637
1325,0.531957644893,0.545230590891
1326,0.523469105104,0.53583407704
1327,0.514999610636,0.526585800495
1328,0.506691857304,0.517711937671
1329,0.497444135787,0.508094604833
1330,0.489107100524,0.499735799105
1331,0.480925049786,0.491749540271
1332,0.471719757716,0.48263077201
1333,0.461554876828,0.472331099066
1334,0.451355101423,0.461920482445
1335,0.440969323807,0.451244182967
1336,0.43096909108,0.44093377937
1337,0.421470559452,0.431098091463
1338,0.413641364231,0.423004060186
1339,0.406950809751,0.416081912813
1340,0.401748037258,0.410650851753
1341,0.398168676998,0.406896500083
1342,0.395871142337,0.404529925893
1343,0.395022636396,0.403686585518
1344,0.395873508048,0.404541094953
1345,0.398265259896,0.407012076896
1346,0.401798752481,0.410719736661
1347,0.40690729507,0.416032986768
1348,0.413634204838,0.423002048975
1349,0.421454286603,0.431085045678
1350,0.430933848219,0.440899562278
1351,0.440955942227,0.451219944104
1352,0.451395256856,0.461968960048
1353,0.461639928212,0.472422929031
1354,0.471692354422,0.482597526435
1355,0.48091848075,0.491738753642
1356,0.489201387806,0.499826067677
1357,0.497441198726,0.508098079727
1358,0.506744598997,0.517761723727
1359,0.514967801195,0.526558117238
1360,0.523335176402,0.535713625582
1361,0.531954246264,0.545224379882
1362,0.54002828586,0.554068547091
1363,0.547606160052,0.562188214802
1364,0.555269953821,0.570408674954
1365,0.563021671305,0.578706377542
1366,0.570856344955,0.587073869768
1367,0.578762848013,0.595539325801
1368,0.586223604776,0.603462575437
1369,0.593530424233,0.611122893034
1370,0.600536069912,0.61841998895
1371,0.599976292399,0.617931567324
1372,0.606567971585,0.624869203999
1373,0.607343531377,0.626149323655
1374,0.580251675434,0.598415289173
1375,0.541558129076,0.558302855527
1376,0.496185771359,0.511180336568
1377,0.44882817433,0.461940492311
1378,0.416435314982,0.428578233645
1379,0.434989608939,0.448292874198
1380,0.485624007652,0.501162732054
1381,0.541149651913,0.559017877068
1382,0.593234105025,0.613141476702
1383,0.639104554255,0.660157842379
1384,0.673204332269,0.695387170658
1385,0.684977245786,0.70770573816
1386,0.685992983962,0.707794095973
1387,0.694854088565,0.7184420817
1388,0.699693552682,0.723841628808
1389,0.703628697804,0.728384268175
1390,0.684249305073,0.708684708453
1391,0.63592247015,0.658409575065
1392,0.58319963731,0.603627554754
1393,0.528455543868,0.546724354297
1394,0.472539224702,0.488521545116
1395,0.43790111203,0.452100468338
1396,0.468352992179,0.484023485896
1397,0.524444360951,0.542264260995
1398,0.580662173079,0.600560072928
1399,0.636263838112,0.658095547599
1400,0.687493325101,0.711290305257
1401,0.716593670448,0.7412169
1402,0.716582469238,0.740887305478
1403,0.714834162937,0.738854751685
1404,0.712484438647,0.736170038212
1405,0.709897583868,0.733222674403
1406,0.702338526606,0.725244199154
1407,0.669350000682,0.691236698415
1408,0.61899318816,0.639053210742
1409,0.56220424557,0.580201894216
1410,0.505891433023,0.52180432668
1411,0.452084612186,0.465947654515
1412,0.429974913222,0.443439375086
1413,0.464943252897,0.479896968468
1414,0.516943298037,0.533966816093
1415,0.565617126087,0.58385454876
1416,0.61105882427,0.630656359929
1417,0.650368215406,0.671232264062
1418,0.659721425051,0.680663878486
1419,0.655198930895,0.676057343872
1420,0.6497069357,0.670396689615
1421,0.643897840865,0.664334154317
1422,0.637686113972,0.657855543761
1423,0.62465452126,0.644295757182
1424,0.592385741959,0.610754674557
1425,0.549604280832,0.566642996402
1426,0.502120844108,0.51768599124
1427,0.45631657053,0.47009762299
1428,0.413408994661,0.425035859716
1429,0.404412288408,0.41541081678
1430,0.434583564583,0.446239801208
1431,0.474239306345,0.487460058767
1432,0.509899422083,0.524552879768
1433,0.537920175259,0.553448193918
1434,0.551305136953,0.566489082822
1435,0.546899897891,0.561620499382
1436,0.53962664741,0.553857529535
1437,0.532205267451,0.545817608234
1438,0.524418471968,0.537207231333
1439,0.516575336953,0.528519085945
1440,0.506372252759,0.517704217633
1441,0.482789117146,0.493714638714
1442,0.451792712094,0.461818446703
1443,0.421711818227,0.431094722677
1444,0.395776806895,0.40449541637
1445,0.377097400626,0.38485059001
1446,0.382313291726,0.389991372175
1447,0.407878964822,0.416283436827
1448,0.433065764754,0.442173714247
1449,0.453578952581,0.463262250342
1450,0.463245941362,0.472817041739
1451,0.465589820352,0.474981537445
1452,0.463914943287,0.473202966426
1453,0.462409170696,0.471624615732
1454,0.461298198617,0.470454287841
1455,0.458860423153,0.468022442737
1456,0.452264227216,0.461482236253
1457,0.438170706727,0.447034906151
1458,0.416783610617,0.425128546338
1459,0.391828049385,0.399598323245
1460,0.380546027759,0.388741332888
1461,0.38349595555,0.392224291997
1462,0.396562276926,0.405654108048
1463,0.417688063663,0.427199492678
1464,0.442997652577,0.452568232877
1465,0.463684461572,0.473348729643
1466,0.473916545095,0.483876490002
1467,0.479424627973,0.489521173699
1468,0.483544981386,0.493768727385
1469,0.487240469549,0.497509193375
1470,0.490761994986,0.500959872047
1471,0.493706142077,0.503895761752
1472,0.48863504884,0.499245085173
1473,0.47189523161,0.482692111376
1474,0.447910179488,0.45861749444
1475,0.417530289998,0.427595041105
1476,0.389851677159,0.399325034442
1477,0.391498743944,0.401135976443
1478,0.424410978087,0.435532510444
1479,0.462093605235,0.474607621395
1480,0.501402715063,0.515366108468
1481,0.538902366137,0.554326735673
1482,0.567957222478,0.584501121312
1483,0.579265997252,0.596187989336
1484,0.586319595559,0.603618645264
1485,0.59312860247,0.61075715522
1486,0.597574100373,0.615880884041
1487,0.540672092365,0.557841097987
1488,0.446306918557,0.45964652354
1489,0.394846318618,0.406126550565
1490,0.489721206824,0.505484585881
1491,0.583324245764,0.601954474537
1492,0.634725091356,0.654913709817
1493,0.638823860412,0.658802212477
1494,0.641390742485,0.660989508879
1495,0.589734106278,0.607987309241
1496,0.48979962893,0.504754154895
1497,0.403279955808,0.415366305187
1498,0.480057350675,0.495350914445
1499,0.589635443553,0.608951949436
1500,0.667674815184,0.68935819116
1501,0.677580538674,0.69972360447
1502,0.68184822305,0.704325760142
1503,0.64668877127,0.668567714827
1504,0.543416927119,0.562224656051
1505,0.431111608326,0.445185823113
1506,0.461919076744,0.476405751401
1507,0.577384735104,0.595952569532
1508,0.679320629125,0.701765037731
1509,0.703531126898,0.727215845224
1510,0.708096693097,0.732608710156
1511,0.692825407492,0.717610510385
1512,0.585411827366,0.606039723406
1513,0.467370085611,0.483314482356
1514,0.441706383502,0.456407672696
1515,0.557631834364,0.576657035906
1516,0.671259864945,0.69429879929
1517,0.713398120421,0.737530045172
1518,0.71304959026,0.737091744324
1519,0.708598747116,0.732833921509
1520,0.616040373685,0.637047591579
1521,0.499366530857,0.516336432409
1522,0.421719740632,0.435343739765
1523,0.526956452866,0.545270871896
1524,0.641970196452,0.664715595872
1525,0.709874596488,0.734723199725
1526,0.706036201674,0.730166914417
1527,0.701185218486,0.724462741806
1528,0.634202144199,0.655132014894
1529,0.518585084223,0.535045435747
1530,0.415688054614,0.428438619537
1531,0.485682065017,0.50223026475
1532,0.59718292128,0.617779683122
1533,0.679644671861,0.701980885389
1534,0.679755611158,0.702064070828
1535,0.67539954788,0.697401580883
1536,0.635658844859,0.656186006463
1537,0.536501539591,0.553852736427
1538,0.427492103825,0.440838576
1539,0.43795496807,0.451171115754
1540,0.541969579706,0.558647993189
1541,0.629914491846,0.649271300745
1542,0.640266571393,0.660065439056
1543,0.636918264228,0.657027529515
1544,0.61871140151,0.638436062476
1545,0.538722119627,0.556180924865
1546,0.437707745817,0.451067885426
1547,0.401978488457,0.41342695297
1548,0.495872322294,0.511330875467
1549,0.578223763414,0.596556696907
1550,0.595909014977,0.613890739364
1551,0.589525086867,0.607081084077
1552,0.581771225737,0.599015602143
1553,0.5244951768,0.540079726024
1554,0.440913671324,0.453778941012
1555,0.379903426662,0.389892356593
1556,0.445211207868,0.457021604833
1557,0.519101703589,0.533859308659
1558,0.544847089261,0.559504689981
1559,0.539209023984,0.553587627855
1560,0.532921035727,0.546819497861
1561,0.500633254817,0.513586035072
1562,0.429592694265,0.439907195034
1563,0.369010204665,0.377457278928
1564,0.406520938325,0.416011073606
1565,0.465378659458,0.475726736607
1566,0.49265393634,0.502527708946
1567,0.488667623128,0.498248075318
1568,0.484827305373,0.494455508277
1569,0.471140754965,0.481345776707
1570,0.419669860025,0.429510129109
1571,0.371527412547,0.37955412879
1572,0.382216231319,0.390001019066
1573,0.436894103281,0.446285115878
1574,0.466251527715,0.475955875364
1575,0.465709324514,0.475222195871
1576,0.462330561443,0.471688206932
1577,0.448715639957,0.457875558754
1578,0.406323999857,0.41534106668
1579,0.372118933256,0.380648605315
1580,0.376221106628,0.383814355126
1581,0.425051746892,0.433682524807
1582,0.452158973371,0.461167575645
1583,0.456130692475,0.465161914462
1584,0.455731206311,0.464712428563
1585,0.441591634114,0.45059724693
1586,0.401925264786,0.410064551424
1587,0.367845125358,0.376018885202
1588,0.384548211427,0.393371438258
1589,0.43096301976,0.439827365907
1590,0.458133652692,0.467501274349
1591,0.464367055844,0.473796825647
1592,0.467007786748,0.476576779811
1593,0.456605556755,0.466473499183
1594,0.410951877581,0.41960723918
1595,0.360836595236,0.368025978249
1596,0.393093830384,0.402156089701
1597,0.447419903955,0.4577724067
1598,0.48170520085,0.491520029547
1599,0.486854484656,0.496422903212
1600,0.490709237758,0.500358906854
1601,0.485696412511,0.49601117563
1602,0.438400953827,0.448459504217
1603,0.3750958031,0.383825073033
1604,0.395909331079,0.40504200689
1605,0.466352100483,0.478046239372
1606,0.525245069089,0.538932885429
1607,0.536316521861,0.550511298076
1608,0.54221331616,0.556747942067
1609,0.54239249949,0.557502418352
1610,0.485279991671,0.498796786143
1611,0.405114304331,0.415592541916
1612,0.401564761725,0.412736794677
1613,0.484078445955,0.498468670602
1614,0.560370091651,0.576980463766
1615,0.586432198103,0.603811365423
1616,0.592738621836,0.61048390154
1617,0.590705347689,0.608410173114
1618,0.596274470562,0.614170673714
1619,0.602302053865,0.620318654289
1620,0.607525560876,0.625578534541
1621,0.612825219355,0.630976353153
1622,0.619351650629,0.63799735792
1623,0.626276644281,0.645583938604
1624,0.632853132794,0.6528389572
1625,0.638060118025,0.65872497259
1626,0.639633847981,0.660581610109
1627,0.639763274398,0.661061463524
1628,0.63822511629,0.659590895704
1629,0.633223565649,0.654383919505
1630,0.6265198291,0.647265324692
1631,0.618757266957,0.639019275217
1632,0.609093890965,0.629177093291
1633,0.599032446821,0.618923244916
1634,0.587421900521,0.60672135622
1635,0.574334694751,0.592852722214
1636,0.560344593903,0.578277330486
1637,0.546624221418,0.564101854239
1638,0.53332797927,0.550446706429
1639,0.519712532292,0.536473963696
1640,0.505996781869,0.52236439635
1641,0.492092351174,0.508072059465
1642,0.477836364474,0.493390532029
1643,0.464023394224,0.479230842686
1644,0.450402059874,0.465443022083
1645,0.436102547953,0.450756197049
1646,0.422174500046,0.436212200065
1647,0.410836246624,0.424254850498
1648,0.404212367424,0.417244144598
1649,0.402762535538,0.415773056306
1650,0.406921176738,0.42007636933
1651,0.416070909039,0.429792023933
1652,0.428728637544,0.443065168317
1653,0.443355337202,0.458263919569
1654,0.457254757001,0.472378083453
1655,0.47071892444,0.486065996386
1656,0.485100951964,0.500862116046
1657,0.499058623611,0.515232880095
1658,0.51282610074,0.529386348548
1659,0.526565205314,0.543503722813
1660,0.540088087055,0.557391166366
1661,0.553792085395,0.571527993049
1662,0.567191649311,0.585351159043
1663,0.581132371325,0.600061527796
1664,0.593279423583,0.612894542487
1665,0.604284865358,0.624316404313
1666,0.614330457592,0.634488757379
1667,0.622856229052,0.643373992324
1668,0.629881445964,0.650845268032
1669,0.636212627856,0.657502256571
1670,0.63920769854,0.660581960336
1671,0.639872741841,0.661035641056
1672,0.63929376671,0.660116699316
1673,0.63585171965,0.656187229589
1674,0.629732113993,0.649376998356
1675,0.622900367302,0.641878445719
1676,0.615851417964,0.63418701555
1677,0.609994415031,0.628051754644
1678,0.605013004822,0.623052754413
1679,0.599379524624,0.617337558362
1680,0.593298173684,0.611088356747
1681,0.588681156511,0.6063932275
1682,0.583144279797,0.600747498011
1683,0.57712012062,0.594400578689
1684,0.570427835463,0.587268874769
1685,0.563385273978,0.579765518804
1686,0.556234732364,0.572181631039
1687,0.548341202824,0.56388276703
1688,0.539062882767,0.554216195942
1689,0.527537641738,0.542121617651
1690,0.516799490593,0.530972908323
1691,0.50522597715,0.518858357989
1692,0.492725742359,0.505570842439
1693,0.479761948261,0.491735373807
1694,0.467417106935,0.478594125256
1695,0.455568186064,0.466060788132
1696,0.444217487672,0.454072748065
1697,0.433716136988,0.443042350589
1698,0.423819906403,0.432815393579
1699,0.414833206568,0.423645430929
1700,0.406367081069,0.41504530735
1701,0.398071282318,0.406543843569
1702,0.390406785047,0.398674803699
1703,0.382114514912,0.390086031229
1704,0.374036238356,0.381738328449
1705,0.367317210956,0.374842754195
1706,0.36145237623,0.368862746594
1707,0.356839851823,0.364129206101
1708,0.353939570762,0.361273353456
1709,0.355226797869,0.362943946551
1710,0.356763985342,0.364803807694
1711,0.35745360236,0.365661579514
1712,0.357917021758,0.366132946665
1713,0.358469225418,0.366752388288
1714,0.358270347098,0.366520811563
1715,0.357611985929,0.365819520941
1716,0.357291972755,0.365472417728
1717,0.355992214969,0.363878707517
1718,0.354293493321,0.361818972636
1719,0.354763044139,0.36200227803
1720,0.359033144385,0.366384184456
1721,0.364329941514,0.371801837171
1722,0.370272838059,0.37785845868
1723,0.377962032526,0.38579776573
1724,0.386357933423,0.394478977277
1725,0.394293238937,0.402669786775
1726,0.402061446387,0.410637602944
1727,0.410710485479,0.419458137821
1728,0.419286787386,0.428178629627
1729,0.428985418804,0.43818259242
1730,0.438726993071,0.448294559156
1731,0.449848825174,0.46001406292
1732,0.461339337872,0.472152259481
1733,0.473516286463,0.485074197125
1734,0.486263289667,0.498666862094
1735,0.498940976718,0.51220012254
1736,0.511391694929,0.525365917357
1737,0.522101778602,0.536447399927
1738,0.533303479263,0.54815663118
1739,0.543999356611,0.559353590568
1740,0.552348072791,0.568086218645
1741,0.55981414355,0.575971231777
1742,0.566967958071,0.583583006767
1743,0.573795118712,0.590856324908
1744,0.580124475841,0.597576534336
1745,0.585984701567,0.603662394957
