month,time,dni,optical,cosine,shadow_block,intercept,atmospheric,power_MW,unit_kW_m2,optical_count,cosine_count,shadow_block_count,intercept_count
1,9,0.79253968416,0.5053449474,0.746455693953,0.824605036594,0.961807884818,0.963785693377,41.3924876021,0.400505925004,0.504148571486,0.74736184253,0.821521505506,0.962409793077
1,10.5,0.910091145485,0.584806676932,0.778328280249,0.906715638409,0.953475931251,0.963785693377,55.0059656813,0.532227378497,0.582508468177,0.779209495614,0.902128815688,0.954232286603
1,12,0.939184036289,0.600827909656,0.789306845644,0.919803078188,0.949224139171,0.963785693377,58.3194450119,0.564287981305,0.598297872541,0.790177189174,0.914880880506,0.950083357542
1,13.5,0.910091145485,0.584809620111,0.778337853568,0.9067435107,0.953476766085,0.963785693377,55.0062425119,0.532230057058,0.582501796721,0.779211095298,0.902157191847,0.954231137886
1,15,0.79253968416,0.505329455011,0.746474006573,0.824592920568,0.961746018329,0.963785693377,41.3912186303,0.400493646671,0.504173000253,0.747364929898,0.821584295305,0.962350788098
2,9,0.88757144081,0.563424076442,0.758349127974,0.896728746536,0.956623489359,0.963785693377,51.6834270207,0.500079119314,0.561387374621,0.758954115427,0.892699176488,0.95736392859
2,10.5,0.97080003701,0.608240152849,0.791416240987,0.928558006639,0.946763797488,0.963785693377,61.0263580652,0.590479562897,0.605735926497,0.792015970317,0.923876122971,0.947684726701
2,12,0.992177191786,0.61748366352,0.802778483294,0.928645834239,0.946041884941,0.963785693377,63.3180152954,0.612653207245,0.615065117518,0.803373191515,0.924139055255,0.946963907211
2,13.5,0.97080003701,0.608202909018,0.791426803562,0.928555507369,0.946705827382,0.963785693377,61.0226212921,0.590443406584,0.605703779187,0.792017672031,0.923888197933,0.947637497726
2,15,0.88757144081,0.563503772772,0.758369299251,0.896733364752,0.956692039022,0.963785693377,51.6907376409,0.500149855501,0.56145642245,0.758957412267,0.89271728893,0.957432813543
3,9,0.954822012882,0.593542173898,0.769210551142,0.931588045254,0.948156692473,0.963785693377,58.5715325809,0.566727133211,0.591058819231,0.7694537508,0.927172285549,0.949144634763
3,10.5,1.01478034023,0.621130630399,0.802626082168,0.93235883907,0.945799302726,0.963785693377,65.1429727608,0.630311152445,0.618874020852,0.802887981378,0.928387932284,0.946704612608
3,12,1.03080134105,0.630910853143,0.814092346072,0.932082343767,0.946008809372,0.963785693377,67.2133520964,0.650343753503,0.628828334637,0.814356430072,0.928421742175,0.946864286034
3,13.5,1.01478034023,0.621100422166,0.802637638239,0.932377135354,0.945719980895,0.963785693377,65.1398045801,0.630280497724,0.618852982563,0.802889765243,0.928419025309,0.946645830052
3,15,0.954822012882,0.593512861788,0.769232863718,0.931552919647,0.948071932308,0.963785693377,58.5686400229,0.566699145364,0.591007209297,0.769457220622,0.927145720634,0.949053531521
4,9,0.999277479237,0.604579260492,0.777004425203,0.937443209527,0.946431520958,0.963785693377,62.4384231856,0.604142439424,0.602235682465,0.776844383083,0.933652011689,0.947459614113
4,10.5,1.04404303235,0.632531830301,0.809582685001,0.936980314882,0.946834946164,0.963785693377,68.2516832196,0.660390450163,0.630628030845,0.80946631234,0.933927924556,0.9476694948
4,12,1.05645268861,0.64406030291,0.820760464091,0.938338763087,0.948164035918,0.963785693377,70.3216685227,0.680419238637,0.64246144819,0.820653941624,0.935794411708,0.948894121796
4,13.5,1.04404303235,0.632564799454,0.809595086102,0.936895937361,0.946942909748,0.963785693377,68.2552406693,0.660424871378,0.630646854231,0.809468137531,0.933849135433,0.947772200516
4,15,0.999277479237,0.604550321845,0.777028762596,0.937444323332,0.946366537635,0.963785693377,62.435434523,0.604113521686,0.602197305914,0.776847946616,0.933668916634,0.947401976533
5,9,1.0199091179,0.609640205527,0.779755606451,0.939880540881,0.946434328425,0.963785693377,64.2610262885,0.621777604255,0.6074444684,0.77930285761,0.936655054579,0.947447880862
5,10.5,1.05724714116,0.639325320902,0.810962752959,0.941807953285,0.948572204059,0.963785693377,69.8571730493,0.675924867797,0.637687612391,0.810569421879,0.939479689915,0.949330309715
5,12,1.06784732468,0.652499187487,0.821677266712,0.945291473535,0.950519611726,0.963785693377,72.0114774204,0.696769511714,0.651164800957,0.821298773064,0.943494614567,0.951113818785
5,13.5,1.05724714116,0.639269098707,0.810975547268,0.941719894774,0.94857521339,0.963785693377,69.8510298175,0.675865427042,0.637614240127,0.81057124208,0.939391844571,0.949329762171
5,15,1.0199091179,0.609635818752,0.779780963238,0.93981020817,0.946463808047,0.963785693377,64.2605638869,0.621773130144,0.607412097372,0.779306419241,0.936584717929,0.947473411645
6,9,1.02588144534,0.611171287175,0.780131500127,0.940864791352,0.946692009037,0.963785693377,64.7996559377,0.626989283436,0.609022464257,0.779568023467,0.937842627029,0.947697952955
6,10.5,1.06089987163,0.64156167435,0.810652760212,0.943940672551,0.949498096552,0.963785693377,70.3437296504,0.680632697959,0.639980575128,0.810153936085,0.941850910452,0.950212161063
6,12,1.07092807872,0.655089752655,0.821135998506,0.948273183878,0.951360168549,0.963785693377,72.5059577312,0.7015540102,0.653789107236,0.82065371506,0.946664291924,0.95191953525
6,13.5,1.06089987163,0.641392095934,0.810665642503,0.943804842672,0.949374423361,0.963785693377,70.3251363044,0.68045279224,0.639772673694,0.810155745975,0.941687294726,0.950077528152
6,15,1.02588144534,0.611122819996,0.780157104561,0.940849958729,0.946602231486,0.963785693377,64.7945171877,0.626939561857,0.608938716956,0.779571567387,0.93781576024,0.947603855754
7,9,1.01970089555,0.609605907204,0.779737242585,0.939848498613,0.946484597262,0.963785693377,64.2442923185,0.621615689508,0.607404654113,0.779288072241,0.936605547237,0.94750504037
7,10.5,1.05711768532,0.639326702044,0.810965011413,0.94180997715,0.948587861158,0.963785693377,69.8487702021,0.675843563429,0.637683062211,0.810575082358,0.939483010529,0.949332217047
7,12,1.06773723073,0.652425730079,0.82168648059,0.945181492081,0.950551794205,0.963785693377,71.9959470006,0.696619242293,0.651092921236,0.821311332043,0.943367223725,0.951164338739
7,13.5,1.05711768532,0.639221620973,0.810977802272,0.941619190502,0.948609627486,0.963785693377,69.8372897124,0.67573248037,0.637548642189,0.810576902812,0.939273208076,0.949352765331
7,15,1.01970089555,0.609672111065,0.779762589968,0.939875039771,0.946496799755,0.963785693377,64.2512693181,0.621683197644,0.607435493056,0.779291634281,0.936636942137,0.947494668084
8,9,0.997742731825,0.604204039405,0.776754289402,0.937278950454,0.946465158442,0.963785693377,62.3038349384,0.602840188856,0.601840595748,0.776612241379,0.933456699189,0.947473365645
8,10.5,1.04304198725,0.632199625682,0.80939605057,0.936731990697,0.946930633508,0.963785693377,68.1504311219,0.659410753909,0.630286590051,0.809296626709,0.933646276082,0.947770134738
8,12,1.05558045461,0.643489230227,0.820595372456,0.937961346185,0.948031007443,0.963785693377,70.201308137,0.679254654182,0.641870876402,0.820505473068,0.935372995556,0.948763652235
8,13.5,1.04304198725,0.63206322116,0.80940842081,0.936634600673,0.946822448135,0.963785693377,68.1357268631,0.659268478266,0.630132505776,0.809298451213,0.933542431414,0.947663456465
8,15,0.997742731825,0.604336860633,0.776778549502,0.937276288189,0.946614265576,0.963785693377,62.3175310929,0.602972710271,0.60195858107,0.776615803033,0.933463944165,0.947626938501
9,9,0.951910281491,0.592658173206,0.768699633192,0.930843072698,0.948404808551,0.963785693377,58.3059502456,0.564157408484,0.59016210007,0.768963071232,0.926404921754,0.949366757263
9,10.5,1.01286068713,0.620531621246,0.802124170998,0.932175618145,0.945868410659,0.963785693377,64.9570381663,0.628512084279,0.618280914996,0.802404989731,0.928176016712,0.94679557969
9,12,1.02911386732,0.63008588161,0.813593996624,0.931845619454,0.945797438454,0.963785693377,67.015576948,0.648430118364,0.627993163326,0.813876600524,0.928139489954,0.946668732808
9,13.5,1.01286068713,0.620468306225,0.80213567697,0.932205826711,0.945696379595,0.963785693377,64.9504103715,0.628447954983,0.618199137603,0.802406770122,0.928206505989,0.946615376585
9,15,0.951910281491,0.592710656136,0.768721831451,0.930852689453,0.948386981186,0.963785693377,58.3111135374,0.564207367525,0.590209512919,0.768966533578,0.926437222276,0.949356083719
10,9,0.877366725061,0.557664121798,0.756889300456,0.889866906278,0.957545744516,0.963785693377,50.5669134737,0.489275944226,0.555743041003,0.757535171841,0.885968291151,0.958256595698
10,10.5,0.964204653763,0.606512380746,0.789845712935,0.92779506379,0.947157331269,0.963785693377,60.4395853103,0.58480206008,0.604012537452,0.790483609335,0.923058648087,0.948100392151
10,12,0.986399187289,0.615663233423,0.801172757377,0.928138156482,0.946145018521,0.963785693377,62.7636954929,0.607289713092,0.613225406344,0.801804821503,0.923559758984,0.947070856434
10,13.5,0.964204653763,0.606459649963,0.789856150336,0.92786625223,0.947041321349,0.963785693377,60.4343306333,0.584751216814,0.603939417145,0.790485299052,0.923126871619,0.947973138921
10,15,0.877366725061,0.557613600914,0.756909221402,0.88980418004,0.957559527579,0.963785693377,50.5623324274,0.489231618883,0.555686571624,0.757538443835,0.885919689432,0.958272179557
11,9,0.782658529357,0.498928519028,0.745409030558,0.815947009178,0.962117684742,0.963785693377,40.3574050553,0.390490660957,0.497748673818,0.746338802599,0.812900284969,0.962695270688
11,10.5,0.903846163632,0.581424022067,0.777148541949,0.902860813601,0.954267808155,0.963785693377,54.3125348082,0.525517871788,0.579184715245,0.778051889355,0.898346032168,0.955001587318
11,12,0.9337570793,0.598568618632,0.788084090814,0.917601601836,0.949601312246,0.963785693377,57.7644222134,0.558917685095,0.596064629207,0.788976125195,0.912706481839,0.950451403666
11,13.5,0.903846163632,0.58139611973,0.777158030433,0.902957945548,0.954126767132,0.963785693377,54.3099283686,0.525492652368,0.579156626543,0.778053479648,0.898448971213,0.954865149741
11,15,0.782658529357,0.498819627089,0.745427196076,0.815777887396,0.962077333892,0.963785693377,40.3485969877,0.390405435752,0.497668571361,0.746341870855,0.812789799073,0.962659898792
12,9,0.738621609587,0.468380321103,0.741079759896,0.772925774513,0.963935967826,0.963785693377,35.7547076645,0.345955826672,0.467186793066,0.74210342793,0.769924591866,0.96444695263
12,10.5,0.876041887707,0.565316905006,0.772227933413,0.884413119297,0.957171567278,0.963785693377,51.1834347989,0.495241288614,0.563403155609,0.773219368475,0.880289738698,0.95782831786
12,12,0.909644265977,0.58695553478,0.782972018377,0.904709743501,0.95353486232,0.963785693377,55.1809750875,0.533920736596,0.584639327685,0.783950425735,0.900048903594,0.954278917779
12,13.5,0.876041887707,0.565365095809,0.772237072191,0.884512669016,0.957132855915,0.963785693377,51.1877979638,0.495283505777,0.56345962785,0.773220919301,0.880403243335,0.957800562275
12,15,0.738621609587,0.468354191595,0.741097337395,0.772870206509,0.963974079315,0.963785693377,35.7527130185,0.345936526852,0.467227891313,0.742106416119,0.769980740437,0.964488007247
